[
  {
    "task": "b.1",
    "id": 1,
    "createdTime": 1562738318956,
    "updatedTime": 1562766509899,
    "done": true,
    "name": "b"
  },
  {
    "task": "b.2",
    "id": 2,
    "createdTime": 1562738322138,
    "updatedTime": 1562766512371,
    "done": true,
    "name": "b"
  },
  {
    "task": "a.3",
    "id": 3,
    "createdTime": 1562766427156,
    "updatedTime": 1562766427156,
    "done": false,
    "name": "a"
  },
  {
    "task": "a.4",
    "id": 4,
    "createdTime": 1562766498490,
    "updatedTime": 1562766590615,
    "done": false,
    "name": "a"
  },
  {
    "task": "c.1",
    "id": 5,
    "createdTime": 1562766916627,
    "updatedTime": 1562766916627,
    "done": false,
    "name": "c"
  },
  {
    "task": "123",
    "id": 6,
    "createdTime": 1562767181160,
    "updatedTime": 1562767181160,
    "done": false,
    "name": "c"
  }
]